{
  "accuracy": 0.9454545454545454,
  "precision": 0.9465909326088551,
  "recall": 0.9454545454545454,
  "f1": 0.9455337542716183
}