{
  "split": "test",
  "accuracy": 0.9571106094808126,
  "precision": 0.9580124930650933,
  "recall": 0.9571106094808126,
  "f1": 0.9571659039141426,
  "classes": [
    "fake",
    "real"
  ]
}